DOMESTIC FLIGHTS QUARTERLY NET INCOME,LATIN AMERICA FLIGHTS QUARTERLY NET INCOME,ATLANTIC FLIGHTS QUARTERLY NET INCOME,PACIFIC FLIGHTS QUARTERLY NET INCOME,INTERNATIONAL FLIGHTS QUARTERLY NET INCOME,TOTAL,U.S. Gulf Coast Kerosene-Type Jet Fuel Spot Price FOB in U.S. Dollars per Gallon,Total Dom. Passenger Flights,Total Intl. Passenger Flights,Total Passenger Flights,Total Dom. Passenger Enplanements,Total Intl. Passenger Enplanements,Total Passenger Enplanements,Total Dom. Revenue Miles,Total Intl Revenue Miles,Total Revenue Miles,Total Dom. Revenue Seat Miles,Total Intl Revenue Seat Miles,Total Revenue Seat Miles,Total Dom. Freight Ton Miles,Total Intl Freight Ton Miles,Total Freight Ton Miles,Total Dom. Revenue Ton Miles,Total Intl Revenue Ton Miles,Total Revenue Ton Miles,PERIOD
139162,58927,-68918,-106308,839,23702,0.78165,623794,51459,675253.0,954,10423,11377.0,34933923,14111488,49045411.0,56316092,20933627,77249719.0,136488,419356,555844.0,3778739,1865954,5644693.0,January 2000
139162,58927,-68918,-106308,839,23702,0.78095,605936,49157,655093.0,985,10639,11624.0,36023970,13282332,49306302.0,54354846,19604814,73959660.0,154167,469782,623949.0,3903013,1834110,5737123.0,February 2000
139162,58927,-68918,-106308,839,23702,0.7685000000000002,667027,54263,721290.0,1060,11598,12658.0,43912920,16530620,60443540.0,59927517,21457740,81385257.0,177053,529229,706282.0,4725110,2221637,6946747.0,March 2000
1570500,-86040,250371,154724,9541,1899096,0.7195,635767,52826,688593.0,1143,10558,11701.0,41963837,16322844,58286681.0,57418335,21659049,79077384.0,167926,497904,665830.0,4514532,2166316,6680848.0,April 2000
1570500,-86040,250371,154724,9541,1899096,0.7634090909090911,672835,55358,728193.0,1095,12209,13304.0,43178325,17355458,60533783.0,58913633,22641340,81554973.0,175368,500130,675498.0,4636425,2272133,6908558.0,May 2000
1570500,-86040,250371,154724,9541,1899096,0.785904761904762,660912,56447,717359.0,1104,11702,12806.0,45884524,19018771,64903295.0,58325629,23130870,81456499.0,173184,512480,685664.0,4901829,2451432,7353261.0,June 2000
548903,33056,226224,83675,45470,937327,0.7967500000000001,686087,61538,747625.0,1159,11701,12860.0,47356809,19989567,67346376.0,61336221,24974349,86310570.0,160901,521669,682570.0,5032906,2557067,7589973.0,July 2000
548903,33056,226224,83675,45470,937327,0.908608695652174,693389,59636,753025.0,1293,12577,13870.0,46508833,19747971,66256804.0,61565807,24420393,85986200.0,161349,497316,658665.0,4954528,2509788,7464316.0,August 2000
548903,33056,226224,83675,45470,937327,1.0176315789473684,658714,54114,712828.0,1350,12888,14238.0,38401788,17498717,55900505.0,57957097,22531907,80489004.0,157954,516310,674264.0,4138747,2305637,6444384.0,September 2000
-267068,6639,-95916,5533,23388,-327425,0.9813043478260868,693367,54140,747507.0,1407,12798,14205.0,41849020,16524976,58373996.0,60819617,22374044,83193661.0,175036,559898,734934.0,4513341,2254208,6767549.0,October 2000
-267068,6639,-95916,5533,23388,-327425,1.029190476190476,657910,53683,711593.0,1561,12228,13789.0,40735836,14854490,55590326.0,57811533,21016445,78827978.0,158709,521647,680356.0,4390400,2050659,6441059.0,November 2000
-267068,6639,-95916,5533,23388,-327425,0.8573157894736843,646848,56696,703544.0,1945,11775,13720.0,39689934,15133036,54822970.0,57947008,21704330,79651338.0,133922,491040,624962.0,4268513,2061784,6330297.0,December 2000
-822384,76822,-59644,-101160,-3410,-909776,0.8680454545454545,678384,58766,737150.0,10324,11594,21918.0,37217797,15416557,52634354.0,59844323,22188837,82033160.0,137339,434154,571493.0,4015236,2013997,6029233.0,January 2001
-822384,76822,-59644,-101160,-3410,-909776,0.8114210526315789,614581,53910,668491.0,9579,11169,20748.0,35815598,13716979,49532577.0,54371155,20264556,74635711.0,135172,465327,600499.0,3847554,1871764,5719318.0,February 2001
-822384,76822,-59644,-101160,-3410,-909776,0.7474761904761904,683429,60196,743625.0,11582,12258,23840.0,44244542,17330512,61575054.0,60530306,22741850,83272156.0,154095,525271,679366.0,4725576,2299377,7024953.0,March 2001
-774977,3683,116147,-205108,-62860,-923115,0.7717619047619046,653498,57968,711466.0,10484,11447,21931.0,42484030,16667615,59151645.0,59026085,22871450,81897535.0,138602,469250,607852.0,4526524,2174177,6700701.0,April 2001
-774977,3683,116147,-205108,-62860,-923115,0.8185909090909089,674855,58550,733405.0,11298,12525,23823.0,42614253,17048164,59662417.0,61018475,23423897,84442372.0,155557,486748,642305.0,4559695,2229763,6789458.0,May 2001
-774977,3683,116147,-205108,-62860,-923115,0.7667499999999998,656502,58795,715297.0,11169,12723,23892.0,45442917,18910405,64353322.0,60437986,23277888,83715874.0,144668,469924,614592.0,4821235,2398848,7220083.0,June 2001
-2232653,-6375,-44209,-272018,-4848,-2560103,0.7122272727272727,694307,61716,756023.0,11143,12259,23402.0,48237149,19728091,67965240.0,63671667,24861556,88533223.0,136247,450705,586952.0,5087447,2459610,7547057.0,July 2001
-2232653,-6375,-44209,-272018,-4848,-2560103,0.766,707693,61835,769528.0,12827,12691,25518.0,48739008,19637604,68376612.0,64307854,24332954,88640808.0,149058,443436,592494.0,5146571,2445287,7591858.0,August 2001
-2232653,-6375,-44209,-272018,-4848,-2560103,0.73315,527879,45463,573342.0,8539,10720,19259.0,26292388,12309329,38601717.0,47158988,18832785,65991773.0,105239,380564,485803.0,2788873,1629645,4418518.0,September 2001
-3404841,-63631,-194802,-190370,-19871,-3873515,0.618913043478261,588541,47896,636437.0,11246,12535,23781.0,33488158,10476611,43964769.0,51694704,18442401,70137105.0,130852,429564,560416.0,3548832,1505484,5054316.0,October 2001
-3404841,-63631,-194802,-190370,-19871,-3873515,0.5411052631578948,563151,45683,608834.0,11093,12110,23203.0,34094522,10821241,44915763.0,50025401,17115621,67141022.0,125448,404263,529711.0,3605065,1519796,5124861.0,November 2001
-3404841,-63631,-194802,-190370,-19871,-3873515,0.515,581089,48989,630078.0,11611,11617,23228.0,34954325,12864793,47819118.0,52191798,17958589,70150387.0,124774,371035,495809.0,3687973,1704365,5392338.0,December 2001
-2621918,-176148,-372012,-89470,9187,-3250361,0.5338181818181819,616951,50285,667236.0,12635,12059,24694.0,33057861,13166169,46224030.0,52631569,18253569,70885138.0,122003,338671,460674.0,3512437,1686467,5198904.0,January 2002
-2621918,-176148,-372012,-89470,9187,-3250361,0.5530526315789474,575447,46476,621923.0,12821,11171,23992.0,32687009,11917145,44604154.0,48898074,16542548,65440622.0,124281,369522,493803.0,3469295,1590696,5059991.0,February 2002
-2621918,-176148,-372012,-89470,9187,-3250361,0.6354500000000001,644344,53272,697616.0,15532,12709,28241.0,41550116,15347607,56897723.0,55720475,18962638,74683113.0,148279,448609,596888.0,4391896,2017088,6408984.0,March 2002
-1298581,-44110,-43360,-49899,-33900,-1469850,0.6677727272727272,629919,51596,681515.0,14437,12624,27061.0,38562404,13979759,52542163.0,54581493,19052236,73633729.0,146719,429198,575917.0,4081821,1859043,5940864.0,April 2002
-1298581,-44110,-43360,-49899,-33900,-1469850,0.6662857142857144,644665,53619,698284.0,16370,13013,29383.0,39986109,15129952,55116061.0,56330296,20144540,76474836.0,161605,445440,607045.0,4236691,1992161,6228852.0,May 2002
-1298581,-44110,-43360,-49899,-33900,-1469850,0.6543809523809523,649321,54800,704121.0,16772,12534,29306.0,43093890,16651444,59745334.0,57361487,20514379,77875866.0,160251,462512,622763.0,4539572,2159920,6699492.0,June 2002
-2351704,-67435,-38578,-64051,27239,-2494531,0.6906190476190476,684401,57741,742142.0,17393,13509,30902.0,45467897,17196607,62664504.0,60070478,21463565,81534043.0,155861,450047,605908.0,4765631,2201176,6966807.0,July 2002
-2351704,-67435,-38578,-64051,27239,-2494531,0.7248571428571431,692040,56975,749015.0,18535,13164,31699.0,45608676,17336126,62944802.0,60222319,21483641,81705960.0,154015,426529,580544.0,4769298,2193278,6962576.0,August 2002
-2351704,-67435,-38578,-64051,27239,-2494531,0.8024285714285714,637110,50871,687981.0,15518,12186,27704.0,34344417,14751616,49096033.0,54576931,19894002,74470933.0,149768,441904,591672.0,3631419,1948233,5579652.0,September 2002
-3056898,-149090,-575563,-288296,-80895,-4150742,0.785304347826087,824984,58479,883463.0,54005,16455,70460.0,39456884,14562865,54019749.0,58076955,20207662,78284617.0,184963,520510,705473.0,4187094,2012053,6199147.0,October 2002
-3056898,-149090,-575563,-288296,-80895,-4150742,0.7060555555555554,775709,58474,834183.0,49180,14837,64017.0,36714419,13390814,50105233.0,55060801,19223858,74284659.0,161035,484405,645440.0,3897318,1860475,5757793.0,November 2002
-3056898,-149090,-575563,-288296,-80895,-4150742,0.811095238095238,789620,63996,853616.0,53352,14015,67367.0,41810444,14846151,56656595.0,57393693,20115819,77509512.0,145388,413608,558996.0,4399761,1948327,6348088.0,December 2002
-1085012,-51869,-452157,-330213,-1673,-1920924,0.8867142857142858,793293,64942,858235.0,48270,14490,62760.0,36642575,14554599,51197174.0,56865749,20538397,77404146.0,137763,377573,515336.0,3877916,1866858,5744774.0,January 2003
-1085012,-51869,-452157,-330213,-1673,-1920924,1.0554210526315788,698464,58446,756910.0,44724,14035,58759.0,34566095,12474711,47040806.0,50718832,18250111,68968943.0,140278,415670,555948.0,3660800,1693695,5354495.0,February 2003
-1085012,-51869,-452157,-330213,-1673,-1920924,0.8858636363636365,806128,67219,873347.0,48119,15169,63288.0,42274714,14491134,56765848.0,58286148,20552676,78838824.0,160419,461122,621541.0,4455841,1944817,6400658.0,March 2003
606461,100285,168328,-227315,-340,647420,0.741142857142857,774640,62138,836778.0,49749,15201,64950.0,39897898,11959281,51857179.0,55239973,18128577,73368550.0,154489,372361,526850.0,4221962,1603005,5824967.0,April 2003
606461,100285,168328,-227315,-340,647420,0.71525,799861,61524,861385.0,48857,15219,64076.0,41373283,12962314,54335597.0,55907280,17801325,73708605.0,155509,370984,526493.0,4366001,1701290,6067291.0,May 2003
606461,100285,168328,-227315,-340,647420,0.7489999999999999,812510,64640,877150.0,47570,14388,61958.0,44943033,15329868,60272901.0,57163710,19155032,76318742.0,152009,380119,532128.0,4710404,1944697,6655101.0,June 2003
-642496,129566,290670,-51195,7554,-265900,0.7830000000000001,847914,70288,918202.0,50278,15513,65791.0,48780278,17181936,65962214.0,60230761,21098648,81329409.0,147637,380974,528611.0,5095392,2131241,7226633.0,July 2003
-642496,129566,290670,-51195,7554,-265900,0.8219,849077,70632,919709.0,51276,15258,66534.0,47474838,17514927,64989765.0,60342689,21401718,81744407.0,150853,372641,523494.0,4961370,2155901,7117271.0,August 2003
-642496,129566,290670,-51195,7554,-265900,0.7408181818181819,795755,59295,855050.0,48146,14972,63118.0,37256711,14864770,52121481.0,55669862,19758563,75428425.0,147104,378212,525316.0,3929576,1896591,5826167.0,September 2003
-348536,107826,109623,-42980,-1997,-176064,0.8212272727272727,829580,59741,889321.0,53567,15967,69534.0,41972213,14752228,56724441.0,58731500,19665804,78397304.0,160683,418027,578710.0,4428384,1927896,6356280.0,October 2003
-348536,107826,109623,-42980,-1997,-176064,0.8305789473684212,776009,60175,836184.0,44591,15260,59851.0,39809852,14318924,54128776.0,56521377,19007873,75529250.0,149480,412336,561816.0,4196663,1878504,6075167.0,November 2003
-348536,107826,109623,-42980,-1997,-176064,0.8790000000000001,806701,64680,871381.0,52260,15215,67475.0,43212550,15527296,58739846.0,59638237,19988549,79626786.0,145018,374060,519078.0,4549039,1972272,6521311.0,December 2003
-1622122,201821,31510,-73884,6499,-1456177,0.9984210526315791,795360,66090,861450.0,46244,14667,60911.0,38622990,15356790,53979780.0,59072246,20613486,79685732.0,133962,355270,489232.0,4069639,1922729,5992368.0,January 2004
-1622122,201821,31510,-73884,6499,-1456177,0.9371499999999999,769947,63472,833419.0,43901,14903,58804.0,39103109,14076576,53179685.0,56913494,19656781,76570275.0,144349,414260,558609.0,4116946,1853388,5970334.0,February 2004
-1622122,201821,31510,-73884,6499,-1456177,0.9413478260869567,844241,68956,913197.0,48150,16877,65027.0,47150438,16885425,64035863.0,62701957,21332789,84034746.0,169957,467534,637491.0,4942112,2189307,7131419.0,March 2004
-2018851,42467,115648,-61035,6648,-1915125,0.9774499999999999,828140,67597,895737.0,47713,15972,63685.0,46390540,15949576,62340116.0,60864078,20812675,81676753.0,159118,430462,589580.0,4859251,2057727,6916978.0,April 2004
-2018851,42467,115648,-61035,6648,-1915125,1.090857142857143,844989,68879,913868.0,45957,15722,61679.0,45789477,16741227,62530704.0,61545698,21805282,83350980.0,166762,460611,627373.0,4804550,2167517,6972067.0,May 2004
-2018851,42467,115648,-61035,6648,-1915125,1.0343809523809524,851512,71222,922734.0,48216,16236,64452.0,50251849,18614540,68866389.0,62312322,22588364,84900686.0,167337,454683,622020.0,5245956,2348151,7594107.0,June 2004
-1702368,38782,331619,94637,113802,-1123527,1.146,888249,78017,966266.0,48277,16333,64610.0,53253581,20082308,73335889.0,64832135,24390478,89222613.0,159679,461964,621643.0,5540388,2502388,8042776.0,July 2004
-1702368,38782,331619,94637,113802,-1123527,1.2280869565217394,901772,75406,977178.0,48514,16366,64880.0,51287218,19674293,70961511.0,65214596,24391232,89605828.0,160508,456297,616805.0,5340373,2455174,7795547.0,August 2004
-1702368,38782,331619,94637,113802,-1123527,1.3747619047619049,833464,62402,895866.0,48361,16927,65288.0,41034142,16846889,57881031.0,58373874,21847934,80221808.0,155387,468080,623467.0,4309740,2185091,6494831.0,September 2004
-4562813,30756,-71246,-31241,24949,-4609595,1.512904761904762,872598,64099,936697.0,49200,17532,66732.0,46266911,16754211,63021122.0,62429669,21941539,84371208.0,172061,519453,691514.0,4861194,2230209,7091403.0,October 2004
-4562813,30756,-71246,-31241,24949,-4609595,1.3411000000000004,828575,63784,892359.0,45924,17780,63704.0,43925182,15528758,59453940.0,60024107,21000164,81024271.0,160522,490607,651129.0,4619043,2080588,6699631.0,November 2004
-4562813,30756,-71246,-31241,24949,-4609595,1.2230500000000002,843323,70050,913373.0,54292,17333,71625.0,45544428,17135881,62680309.0,62640292,22711439,85351731.0,144349,468481,612830.0,4791983,2233794,7025777.0,December 2004
-2956735,95583,-202866,-179050,35932,-3207135,1.3328095238095237,815089,72832,887921.0,49457,16016,65473.0,41983753,17645854,59629607.0,60205100,23724905,83930005.0,133029,418008,551037.0,4412278,2216520,6628798.0,January 2005
-2956735,95583,-202866,-179050,35932,-3207135,1.3438947368421053,768557,66100,834657.0,49245,15017,64262.0,40480882,15314283,55795165.0,56537903,21337093,77874996.0,138888,445701,584589.0,4248429,2009096,6257525.0,February 2005
-2956735,95583,-202866,-179050,35932,-3207135,1.5735454545454544,876180,77094,953274.0,57776,17306,75082.0,51289218,19306644,70595862.0,64534191,24118763,88652954.0,162025,499305,661330.0,5351454,2464686,7816140.0,March 2005
-1511275,30014,207515,-249681,36266,-1487161,1.5645499999999994,848404,73160,921564.0,52991,17002,69993.0,47408998,17736550,65145548.0,61911568,23288832,85200400.0,144350,458306,602656.0,4936659,2264713,7201372.0,April 2005
-1511275,30014,207515,-249681,36266,-1487161,1.4774545454545454,883909,74671,958580.0,50670,16806,67476.0,49351683,18917216,68268899.0,63710797,24227224,87938021.0,147656,464141,611797.0,5129512,2387192,7516704.0,May 2005
-1511275,30014,207515,-249681,36266,-1487161,1.6585454545454545,876897,76663,953560.0,56004,17841,73845.0,52555831,20397126,72952957.0,63971184,24639581,88610765.0,147358,469853,617211.0,5448592,2540795,7989387.0,June 2005
-2231293,-43150,164743,-293751,70285,-2333166,1.6648,902616,82838,985454.0,52452,16933,69385.0,55711370,21721628,77432998.0,66444868,26077357,92522225.0,136118,476797,612915.0,5751769,2679458,8431227.0,July 2005
-2231293,-43150,164743,-293751,70285,-2333166,1.9057391304347826,906554,79528,986082.0,56404,17505,73909.0,52868268,20910650,73778918.0,65878156,25856107,91734263.0,138590,459309,597899.0,5467754,2582223,8049977.0,August 2005
-2231293,-43150,164743,-293751,70285,-2333166,2.22285,828225,67567,895792.0,53512,17456,70968.0,43846411,18200387,62046798.0,59215512,23853584,83069096.0,140633,489226,629859.0,4567264,2342938,6910202.0,September 2005
-13048233,-802628,-2278672,-4111334,48434,-20192434,2.3721363636363635,842507,66390,908897.0,51840,17364,69204.0,46226519,17414376,63640895.0,60927242,23214950,84142192.0,145426,529113,674539.0,4816691,2306166,7122857.0,October 2005
-13048233,-802628,-2278672,-4111334,48434,-20192434,1.6897000000000002,808501,64582,873083.0,51954,18043,69997.0,45412893,16106091,61518984.0,59335097,21499433,80834530.0,144202,476761,620963.0,4741706,2126075,6867781.0,November 2005
-13048233,-802628,-2278672,-4111334,48434,-20192434,1.7312499999999997,808705,71079,879784.0,58730,17510,76240.0,46502981,17786357,64289338.0,61402694,23334011,84736705.0,135666,470813,606479.0,4851914,2302705,7154619.0,December 2005
12049285,1110214,2966133,4705502,31349,20862482,1.8166666666666669,792581,72600,865181.0,48899,16837,65736.0,43215323,17819704,61035027.0,59534234,23872132,83406366.0,121744,420671,542415.0,4506925,2237297,6744222.0,January 2006
12049285,1110214,2966133,4705502,31349,20862482,1.754421052631579,722845,66646,789491.0,47832,15061,62893.0,41184016,15545196,56729212.0,54119758,21440693,75560451.0,120029,430926,550955.0,4289785,2018986,6308771.0,February 2006
12049285,1110214,2966133,4705502,31349,20862482,1.8764545454545454,832669,77157,909826.0,56319,18803,75122.0,50997603,19802192,70799795.0,62745830,24792942,87538772.0,143157,509113,652270.0,5297631,2528457,7826088.0,March 2006
-642693,42078,83950,-186742,9296,-694110,2.0781,802489,74737,877226.0,50083,16822,66905.0,49064805,19055753,68120558.0,60378251,24276382,84654633.0,138226,469422,607648.0,5094425,2411192,7505617.0,April 2006
-642693,42078,83950,-186742,9296,-694110,2.065909090909091,833390,74743,908133.0,52013,17608,69621.0,49524738,19827867,69352605.0,61629691,25070619,86700310.0,136440,476126,612566.0,5135681,2494816,7630497.0,May 2006
-642693,42078,83950,-186742,9296,-694110,2.0818095238095244,831234,77918,909152.0,54560,18288,72848.0,52419211,21666716,74085927.0,62083974,25838555,87922529.0,136354,495131,631485.0,5420691,2698191,8118882.0,June 2006
-592826,190769,310776,-109207,38787,-161700,2.1565000000000003,864465,84023,948488.0,49330,17518,66848.0,54732424,23066161,77798585.0,64509427,27416384,91925811.0,124528,491216,615744.0,5631616,2832136,8463752.0,July 2006
-592826,190769,310776,-109207,38787,-161700,2.125260869565217,880440,82119,962559.0,57451,18893,76344.0,52316801,21910238,74227039.0,64790395,27241495,92031890.0,130791,468550,599341.0,5397958,2696455,8094413.0,August 2006
-592826,190769,310776,-109207,38787,-161700,1.7999473684210525,811984,68676,880660.0,51647,18257,69904.0,43375741,18969992,62345733.0,58880331,24782042,83662373.0,124288,498798,623086.0,4496351,2432888,6929239.0,September 2006
-1770107,121001,-172714,-57349,58610,-1820559,1.7351739130434782,837088,68163,905251.0,52469,18578,71047.0,47445468,18636690,66082158.0,61348390,24629764,85978154.0,132225,530567,662792.0,4915014,2434500,7349514.0,October 2006
-1770107,121001,-172714,-57349,58610,-1820559,1.7468500000000002,800217,66924,867141.0,52587,18894,71481.0,46248488,17300241,63548729.0,59411704,22674149,82085853.0,129005,492599,621604.0,4791157,2264003,7055160.0,November 2006
-1770107,121001,-172714,-57349,58610,-1820559,1.8042105263157895,811310,74274,885584.0,58270,17220,75490.0,47071683,18909096,65980779.0,61583880,24490835,86074715.0,120721,475797,596518.0,4865002,2420577,7285579.0,December 2006
-488478,303476,112807,-39093,44269,-67019,1.6584545454545454,810640,75496,886136.0,49940,17394,67334.0,44073377,18942637,63016014.0,61084343,25274484,86358827.0,106094,396104,502198.0,4551120,2326553,6877673.0,January 2007
-488478,303476,112807,-39093,44269,-67019,1.7463157894736843,732160,67689,799849.0,47920,16042,63962.0,41486651,16307181,57793832.0,54897506,22565995,77463501.0,104509,415699,520208.0,4286455,2081334,6367789.0,February 2007
-488478,303476,112807,-39093,44269,-67019,1.8459047619047613,838914,78321,917235.0,55104,18891,73995.0,51801016,20899224,72700240.0,63661700,25920564,89582264.0,118671,480794,599465.0,5337630,2610806,7948436.0,March 2007
3403274,368016,1224053,922144,62075,5979562,2.0364761904761908,817787,75501,893288.0,49023,17237,66260.0,50037645,19798511,69836156.0,61604048,25344039,86948087.0,114939,447049,561988.0,5153812,2463807,7617619.0,April 2007
3403274,368016,1224053,922144,62075,5979562,2.045954545454546,853347,75910,929257.0,54435,17959,72394.0,51250776,20682333,71933109.0,63207084,26474586,89681670.0,124603,457485,582088.0,5275801,2563376,7839177.0,May 2007
3403274,368016,1224053,922144,62075,5979562,2.1007499999999997,845253,78492,923745.0,53147,17455,70602.0,54261544,22664909,76926453.0,63085069,27251422,90336491.0,120288,457458,577746.0,5562874,2762264,8325138.0,June 2007
626687,242447,591292,302755,37068,1800249,2.1378636363636363,878150,84313,962463.0,49355,17488,66843.0,56791610,24196729,80988339.0,65963937,28805723,94769660.0,118179,450712,568891.0,5814737,2905984,8720721.0,July 2007
626687,242447,591292,302755,37068,1800249,2.0890000000000004,887682,83263,970945.0,55897,18161,74058.0,55921030,23518797,79439827.0,66014668,28751978,94766646.0,120200,439633,559833.0,5730574,2828900,8559474.0,August 2007
626687,242447,591292,302755,37068,1800249,2.26615,818055,69321,887376.0,47964,16903,64867.0,45521610,20391688,65913298.0,60373175,26214875,86588050.0,115452,487971,603423.0,4698101,2564242,7262343.0,September 2007
-545608,221388,120177,135670,46986,-21387,2.385173913043478,849817,69185,919002.0,53728,18431,72159.0,49368530,20076820,69445350.0,63104280,25726222,88830502.0,122873,501170,624043.0,5092547,2548855,7641402.0,October 2007
-545608,221388,120177,135670,46986,-21387,2.6786000000000003,812722,68695,881417.0,49729,18368,68097.0,47502164,18748264,66250428.0,61284574,24305024,85589598.0,120536,481281,601817.0,4903772,2398840,7302612.0,November 2007
-545608,221388,120177,135670,46986,-21387,2.60115,810520,75345,885865.0,51782,17161,68943.0,47327241,20455292,67782533.0,62800549,26387893,89188442.0,111153,460757,571910.0,4878842,2560694,7439536.0,December 2007
-9777777,-335226,-1326883,-151807,-8011,-11599703,2.6000909090909086,799697,76408,876105.0,49189,17370,66559.0,44476814,20190292,64667106.0,61125963,26689207,87815170.0,104694,410975,515669.0,4588145,2468599,7056744.0,January 2008
-9777777,-335226,-1326883,-151807,-8011,-11599703,2.740473684210526,753712,71141,824853.0,47944,16629,64573.0,43627449,17876975,61504424.0,57569507,24685314,82254821.0,105715,445413,551128.0,4500545,2271711,6772256.0,February 2008
-9777777,-335226,-1326883,-151807,-8011,-11599703,3.1216190476190477,825224,79879,905103.0,48226,17566,65792.0,52241397,22334133,74575530.0,63707514,27530135,91237649.0,115404,485009,600413.0,5374666,2760221,8134887.0,March 2008
-2254820,-221837,-849465,-953640,3106,-4276656,3.3732727272727274,806818,75296,882114.0,49919,18586,68505.0,48401979,20504902,68906881.0,60549735,26768195,87317930.0,111938,480059,591997.0,4987068,2570478,7557546.0,April 2008
-2254820,-221837,-849465,-953640,3106,-4276656,3.7619999999999996,829222,76397,905619.0,49361,17663,67024.0,50468905,22256843,72725748.0,62210711,28124195,90334906.0,114708,478631,593339.0,5198180,2745848,7944028.0,May 2008
-2254820,-221837,-849465,-953640,3106,-4276656,3.885409090909091,828039,77311,905350.0,46624,16578,63202.0,52743853,23418251,76162104.0,62726024,28462608,91188632.0,105905,478257,584162.0,5416768,2861408,8278176.0,June 2008
-2633833,171764,-213390,-58070,14972,-2718557,3.8634090909090912,857912,82848,940760.0,49297,17238,66535.0,54832557,24874988,79707545.0,65274090,30027247,95301337.0,103926,473300,577226.0,5624810,3000095,8624905.0,July 2008
-2633833,171764,-213390,-58070,14972,-2718557,3.2577,837935,80480,918415.0,47857,16581,64438.0,52885956,24414610,77300566.0,63575494,29836199,93411693.0,102429,452198,554627.0,5423044,2934158,8357202.0,August 2008
-2633833,171764,-213390,-58070,14972,-2718557,3.3545000000000003,740364,63901,804265.0,44362,16664,61026.0,41240773,19957976,61198749.0,54330192,25967569,80297761.0,96064,437311,533375.0,4252774,2472207,6724981.0,September 2008
-3507540,-29950,-886774,-499005,-231649,-5154919,2.2876363636363637,767398,65141,832539.0,49341,17450,66791.0,45177477,19840725,65018202.0,56797128,25764562,82561690.0,100586,460115,560701.0,4656054,2484616,7140670.0,October 2008
-3507540,-29950,-886774,-499005,-231649,-5154919,1.8674500000000003,714528,64331,778859.0,42004,15894,57898.0,40793883,17718740,58512623.0,53868753,24026286,77895039.0,88895,412118,501013.0,4202399,2223231,6425630.0,November 2008
-3507540,-29950,-886774,-499005,-231649,-5154919,1.363047619047619,725949,69307,795256.0,47100,15481,62581.0,44040793,19462623,63503416.0,55780640,25438174,81218814.0,83193,340087,423280.0,4520283,2333851,6854134.0,December 2008
-1516128,136650,-446958,-63964,45643,-1844758,1.4694,716937,70897,787834.0,40091,14744,54835.0,39534776,18839007,58373783.0,54376253,25862888,80239141.0,78187,305820,384007.0,4066848,2222512,6289360.0,January 2009
-1516128,136650,-446958,-63964,45643,-1844758,1.2595789473684207,667292,64639,731931.0,36730,14302,51032.0,37837972,15668607,53506579.0,50326056,22914966,73241022.0,72833,312563,385396.0,3886800,1908484,5795284.0,February 2009
-1516128,136650,-446958,-63964,45643,-1844758,1.2706086956521738,755772,73671,829443.0,39219,15849,55068.0,46745158,19282183,66027341.0,57762446,25810452,83572898.0,82502,358147,440649.0,4784604,2317838,7102442.0,March 2009
-344471,-11264,-164482,-114056,5612,-628662,1.3715238095238096,737627,70797,808424.0,39930,15270,55200.0,45636412,19529887,65166299.0,55699866,25614652,81314518.0,86814,344999,431813.0,4678010,2327584,7005594.0,April 2009
-344471,-11264,-164482,-114056,5612,-628662,1.5063000000000002,759497,67932,827429.0,38496,14677,53173.0,46182222,19686032,65868254.0,56934510,26172639,83107149.0,93353,372406,465759.0,4735677,2371278,7106955.0,May 2009
-344471,-11264,-164482,-114056,5612,-628662,1.8065454545454545,773014,70553,843567.0,39276,16239,55515.0,49481608,21868618,71350226.0,58084535,26986489,85071024.0,88861,380567,469428.0,5059402,2596831,7656233.0,June 2009
-144230,86376,-3069,-58753,17452,-102224,1.7084285714285716,808904,76225,885129.0,40825,15708,56533.0,52914176,24222621,77136797.0,60944852,28848526,89793378.0,91224,401022,492246.0,5409266,2855092,8264358.0,July 2009
-144230,86376,-3069,-58753,17452,-102224,1.878363636363636,798006,74936,872942.0,38366,15243,53609.0,50703592,23911179,74614771.0,59846694,28523777,88370471.0,91872,400891,492763.0,5186828,2823799,8010627.0,August 2009
-144230,86376,-3069,-58753,17452,-102224,1.751047619047619,724488,61785,786273.0,38719,15707,54426.0,41892688,19542665,61435353.0,52930736,24589284,77520020.0,93642,430143,523785.0,4309521,2414913,6724434.0,September 2009
-247244,192905,-20067,23138,100634,49366,1.949619047619048,738381,62299,800680.0,41185,16473,57658.0,45047591,19227149,64274740.0,54976497,23809156,78785653.0,99930,481457,581387.0,4636489,2436969,7073458.0,October 2009
-247244,192905,-20067,23138,100634,49366,1.9881904761904763,704582,62509,767091.0,35723,16490,52213.0,41814041,17196974,59011015.0,52956665,22288908,75245573.0,97430,480331,577761.0,4308547,2233604,6542151.0,November 2009
-247244,192905,-20067,23138,100634,49366,1.9770476190476187,712365,68858,781223.0,44931,16481,61412.0,43863158,19368514,63231672.0,55027157,24016117,79043274.0,96634,457244,553878.0,4519952,2438337,6958289.0,December 2009
-704121,40958,-146182,107467,86152,-615726,2.0475,702867,70981,773848.0,36056,14896,50952.0,40527259,19123803,59651062.0,54231974,24993240,79225214.0,92948,421531,514479.0,4178818,2364996,6543814.0,January 2010
-704121,40958,-146182,107467,86152,-615726,2.0010555555555554,631363,63489,694852.0,35391,14627,50018.0,37190590,16049475,53240065.0,48189837,21745188,69935025.0,88165,444576,532741.0,3834011,2075520,5909531.0,February 2010
-704121,40958,-146182,107467,86152,-615726,2.116347826086957,749630,74115,823745.0,39429,16761,56190.0,47864045,20443045,68307090.0,57563362,25597429,83160791.0,105960,530190,636150.0,4921061,2603152,7524213.0,March 2010
657279,95963,396501,359678,86089,1595509,2.2429,731721,70191,801912.0,39481,15712,55193.0,45888620,19064630,64953250.0,55742439,24309989,80052428.0,102536,472043,574579.0,4718959,2405354,7124313.0,April 2010
657279,95963,396501,359678,86089,1595509,2.0593333333333335,753763,72250,826013.0,38418,16414,54832.0,47163840,21687065,68850905.0,57350721,26859186,84209907.0,107742,547144,654886.0,4848630,2746486,7595116.0,May 2010
657279,95963,396501,359678,86089,1595509,2.0542727272727266,765436,75036,840472.0,40444,16910,57354.0,50603254,23871296,74474550.0,58811035,28153838,86964873.0,104254,529262,633516.0,5188150,2945177,8133327.0,June 2010
1178343,262817,397620,461467,69066,2369313,2.0247,798813,81903,880716.0,40712,16605,57317.0,53323805,25980636,79304441.0,61535857,30392216,91928073.0,99698,527719,627417.0,5455570,3154163,8609733.0,July 2010
1178343,262817,397620,461467,69066,2369313,2.0819565217391305,799094,78229,877323.0,39781,16102,55883.0,51671196,25070113,76741309.0,60821462,29684595,90506057.0,98211,506845,605056.0,5284934,3042184,8327118.0,August 2010
1178343,262817,397620,461467,69066,2369313,2.123952380952381,733875,64405,798280.0,38897,16168,55065.0,43939559,21401735,65341294.0,55183502,25919088,81102590.0,97146,500268,597414.0,4515355,2669312,7184667.0,September 2010
44633,235472,-200267,174245,62815,316898,2.248809523809524,749822,66413,816235.0,39711,16694,56405.0,47549627,21521998,69071625.0,57272454,26384356,83656810.0,102403,559537,661940.0,4886099,2743810,7629909.0,October 2010
44633,235472,-200267,174245,62815,316898,2.3273333333333333,714897,64579,779476.0,37613,16951,54564.0,44629295,18704995,63334290.0,55148535,24077040,79225575.0,96659,504572,601231.0,4587600,2404687,6992287.0,November 2010
44633,235472,-200267,174245,62815,316898,2.456952380952381,711031,70151,781182.0,47119,16506,63625.0,45316761,20481179,65797940.0,56222660,25740361,81963021.0,92374,498939,591313.0,4664074,2582215,7246289.0,December 2010
-455423,177773,-612217,37456,4263,-848148,2.626238095238095,690134,72818,762952.0,36256,15662,51918.0,41422704,20207659,61630363.0,54286528,26654524,80941052.0,82380,461958,544338.0,4257636,2507169,6764805.0,January 2011
-455423,177773,-612217,37456,4263,-848148,2.8592105263157896,634373,65799,700172.0,35749,14821,50570.0,38497505,16893701,55391206.0,49543139,23868858,73411997.0,80599,470761,551360.0,3959512,2182931,6142443.0,February 2011
-455423,177773,-612217,37456,4263,-848148,3.127391304347826,766201,76512,842713.0,42076,17632,59708.0,49280419,20877849,70158268.0,59803333,27556326,87359659.0,96458,547256,643714.0,5056054,2662027,7718081.0,March 2011
1152067,151816,-285411,-24198,9125,1003401,3.2700526315789475,730108,73048,803156.0,38761,16232,54993.0,46807462,20876096,67683558.0,57172576,27151985,84324561.0,90806,501402,592208.0,4802576,2617495,7420071.0,April 2011
1152067,151816,-285411,-24198,9125,1003401,3.085227272727273,756600,72032,828632.0,37617,16306,53923.0,49244776,22466671,71711447.0,58457032,27904563,86361595.0,92770,507220,599990.0,5044912,2784183,7829095.0,May 2011
1152067,151816,-285411,-24198,9125,1003401,3.040954545454546,772894,74332,847226.0,41159,16562,57721.0,51775995,24281915,76057910.0,60446759,28927979,89374738.0,91830,480086,571916.0,5295880,2938412,8234292.0,June 2011
761688,420131,94273,199367,6956,1482415,3.1395999999999997,801745,82044,883789.0,38298,16520,54818.0,54671843,26751387,81423230.0,62920829,31281075,94201904.0,87660,497532,585192.0,5579850,3203026,8782876.0,July 2011
761688,420131,94273,199367,6956,1482415,3.0056956521739138,787552,77158,864710.0,40769,17308,58077.0,51823513,25424379,77247892.0,60772036,30036471,90808507.0,88211,458951,547162.0,5291965,3032614,8324579.0,August 2011
761688,420131,94273,199367,6956,1482415,2.94075,723829,65991,789820.0,38502,16746,55248.0,44847097,21498220,66345317.0,55021157,26484229,81505386.0,87413,474803,562216.0,4596200,2656226,7252426.0,September 2011
-17775,162680,-363956,9876,-36306,-245480,2.967772727272728,737013,66934,803947.0,37295,16807,54102.0,47237727,20940151,68177878.0,56695821,26438375,83134196.0,89361,510443,599804.0,4839729,2635539,7475268.0,October 2011
-17775,162680,-363956,9876,-36306,-245480,3.0438571428571426,693565,65100,758665.0,37948,16949,54897.0,45065934,18427006,63492940.0,54191504,23874837,78066341.0,85342,469024,554366.0,4619444,2344368,6963812.0,November 2011
-17775,162680,-363956,9876,-36306,-245480,2.8680999999999996,709558,72753,782311.0,45001,16786,61787.0,45946616,20649028,66595644.0,56871846,26233146,83104992.0,85902,472388,558290.0,4718718,2579393,7298111.0,December 2011
-213497,-357006,-876974,-196898,-47476,-1691852,3.0868095238095243,686723,72668,759391.0,35191,15407,50598.0,41893748,20046444,61940192.0,53882438,26355697,80238135.0,81572,426311,507883.0,4302291,2459872,6762163.0,January 2012
-213497,-357006,-876974,-196898,-47476,-1691852,3.21685,656752,69091,725843.0,36830,15833,52663.0,40659462,17584332,58243794.0,51676736,24719876,76396612.0,84548,453598,538146.0,4178813,2240787,6419600.0,February 2012
-213497,-357006,-876974,-196898,-47476,-1691852,3.25495238095238,739796,78247,818043.0,40270,17691,57961.0,49951591,21744611,71696202.0,59356404,27499741,86856145.0,101144,540149,641293.0,5124447,2746747,7871194.0,March 2012
1513613,-104616,-293620,-310960,-33105,771313,3.2267142857142863,717550,73550,791100.0,36322,16540,52862.0,47438692,21229609,68668301.0,56921449,26838802,83760251.0,90178,483669,573847.0,4861614,2637318,7498932.0,April 2012
1513613,-104616,-293620,-310960,-33105,771313,2.9485454545454544,739373,74200,813573.0,39703,17346,57049.0,49239857,22647674,71887531.0,58476332,28075417,86551749.0,97881,507656,605537.0,5049693,2803415,7853108.0,May 2012
1513613,-104616,-293620,-310960,-33105,771313,2.6777500000000005,750616,76852,827468.0,39062,16023,55085.0,52140195,24620563,76760758.0,60398969,28823260,89222229.0,96962,495251,592213.0,5337877,2987478,8325355.0,June 2012
564041,187415,309960,327948,-19657,1369708,2.8944090909090905,773899,81410,855309.0,36714,16378,53092.0,54397429,26101902,80499331.0,62815288,30635119,93450407.0,90491,488467,578958.0,5557983,3128617,8686600.0,July 2012
564041,187415,309960,327948,-19657,1369708,3.1660454545454546,772208,79669,851877.0,40974,16119,57093.0,53062455,25546551,78609006.0,61454635,30000756,91455391.0,91836,473302,565138.0,5427002,3059404,8486406.0,August 2012
564041,187415,309960,327948,-19657,1369708,3.1890499999999995,693424,66517,759941.0,35113,15634,50747.0,44107275,21900485,66007760.0,54898856,26614645,81513501.0,87906,479502,567408.0,4526862,2701366,7228228.0,September 2012
348019,169237,-269382,-240082,-93230,-85437,3.101695652173913,707326,66692,774018.0,39873,16551,56424.0,46895816,20781948,67677764.0,55880661,25837460,81718121.0,91398,478862,570260.0,4810943,2589578,7400521.0,October 2012
348019,169237,-269382,-240082,-93230,-85437,2.96095,679848,65451,745299.0,38650,16391,55041.0,45361768,18677442,64039210.0,54964637,23751718,78716355.0,90738,461903,552641.0,4655648,2365091,7020739.0,November 2012
348019,169237,-269382,-240082,-93230,-85437,2.93965,678351,71981,750332.0,41424,14917,56341.0,45997530,20705457,66702987.0,56550395,25830137,82380532.0,88758,465104,553862.0,4718997,2580910,7299907.0,December 2012
227114,290326,-372745,-335847,145522,-45631,3.097772727272727,670484,72580,743064.0,37638,15936,53574.0,42893806,20245411,63139217.0,54501032,25977124,80478156.0,80686,406339,487025.0,4400300,2462866,6863166.0,January 2013
227114,290326,-372745,-335847,145522,-45631,3.206,616521,66586,683107.0,34778,14464,49242.0,40506848,17603021,58109869.0,50260091,23530578,73790669.0,78517,422044,500561.0,4156754,2211570,6368324.0,February 2013
227114,290326,-372745,-335847,145522,-45631,2.9685,719269,77799,797068.0,37652,15592,53244.0,50772490,21991987,72764477.0,59881034,26944863,86825897.0,90729,501509,592238.0,5198235,2735285,7933520.0,March 2013
2147207,-59773,299871,-198500,-42398,2146407,2.7895909090909092,702752,72941,775693.0,37114,15914,53028.0,47481331,20972206,68453537.0,57449050,26889329,84338379.0,86507,454170,540677.0,4862580,2583848,7446428.0,April 2013
2147207,-59773,299871,-198500,-42398,2146407,2.730714285714286,733311,74535,807846.0,39344,15763,55107.0,50271250,23303284,73574534.0,59369559,28412016,87781575.0,94018,475143,569161.0,5149693,2841172,7990865.0,May 2013
2147207,-59773,299871,-198500,-42398,2146407,2.767952380952381,734271,76699,810970.0,37169,15177,52346.0,52965778,25501353,78467131.0,61035249,29644626,90679875.0,92343,478461,570804.0,5411141,3064854,8475995.0,June 2013
2384395,125408,620320,83532,9086,3222741,2.9047727272727273,767885,81626,849511.0,37627,15807,53434.0,54893575,27081008,81974583.0,63618417,31528460,95146877.0,89227,458685,547912.0,5605170,3200692,8805862.0,July 2013
2384395,125408,620320,83532,9086,3222741,3.0041428571428574,765428,78954,844382.0,40278,15588,55866.0,53306554,26701233,80007787.0,62485029,30953030,93438059.0,90579,456336,546915.0,5448203,3161359,8609562.0,August 2013
2384395,125408,620320,83532,9086,3222741,2.9266666666666663,697871,65201,763072.0,34143,14719,48862.0,44859576,22343483,67203059.0,55630468,27107338,82737806.0,86959,457702,544661.0,4600488,2725846,7326334.0,September 2013
5763127,156472,899296,610054,-41253,7387696,2.8863478260869564,719596,68029,787625.0,41276,16116,57392.0,48055109,21672261,69727370.0,58222416,27063033,85285449.0,89877,517248,607125.0,4928296,2721787,7650083.0,October 2013
5763127,156472,899296,610054,-41253,7387696,2.8309999999999995,664920,66805,731725.0,36621,15707,52328.0,44606606,19004589,63611195.0,55805048,24783807,80588855.0,86146,502250,588396.0,4579654,2442866,7022520.0,November 2013
5763127,156472,899296,610054,-41253,7387696,2.9551904761904773,669833,72863,742696.0,43104,15101,58205.0,49330650,21636388,70967038.0,58129723,26394011,84523734.0,88488,456982,545470.0,5058549,2668355,7726904.0,December 2013
926580,22305,-269343,-145495,15751,549797,2.9209047619047617,633080,72622,705702.0,38296,14884,53180.0,43771219,20972402,64743621.0,54415335,26676237,81091572.0,80259,425344,505603.0,4491480,2556034,7047514.0,January 2014
926580,22305,-269343,-145495,15751,549797,2.9648947368421052,585863,67083,652946.0,35448,13652,49100.0,40717033,17757862,58474895.0,49699120,23890483,73589603.0,76793,428842,505635.0,4178279,2234844,6413123.0,February 2014
926580,22305,-269343,-145495,15751,549797,2.886727272727273,706276,79898,786174.0,37568,15406,52974.0,52078324,22158847,74237171.0,61070069,28136741,89206810.0,91867,533499,625366.0,5332531,2785286,8117817.0,March 2014
3467788,-54932,521443,-120602,35687,3849384,2.890047619047619,686333,75047,761380.0,39166,15052,54218.0,49433047,21845645,71278692.0,58385529,27535355,85920884.0,86398,481014,567412.0,5060937,2700592,7761529.0,April 2014
3467788,-54932,521443,-120602,35687,3849384,2.86855,707130,76569,783699.0,39756,15383,55139.0,51679674,24033020,75712694.0,60047986,29488588,89536574.0,91176,518281,609457.0,5290093,2956591,8246684.0,May 2014
3467788,-54932,521443,-120602,35687,3849384,2.8819999999999997,718495,80204,798699.0,37744,15189,52933.0,54158901,25904454,80063355.0,62123102,30990290,93113392.0,91105,520186,611291.0,5532612,3145423,8678035.0,June 2014
2828108,-75577,633410,96429,40277,3522647,2.8154090909090908,754317,85109,839426.0,40558,16121,56679.0,57002502,27402039,84404541.0,65054639,32815551,97870190.0,90248,546119,636367.0,5820763,3319635,9140398.0,July 2014
2828108,-75577,633410,96429,40277,3522647,2.8397999999999994,743806,80666,824472.0,39655,15384,55039.0,54821319,27136240,81957559.0,63227531,32034159,95261690.0,88635,515757,604392.0,5601571,3265027,8866598.0,August 2014
2828108,-75577,633410,96429,40277,3522647,2.7344,680553,65666,746219.0,36926,14471,51397.0,46525529,22503328,69028857.0,56823511,27904639,84728150.0,85986,511210,597196.0,4768444,2798663,7567107.0,September 2014
1422907,-131575,-342098,-468313,37883,518805,2.444428571428572,706025,66720,772745.0,41986,16168,58154.0,50325343,21562498,71887841.0,59976145,27371920,87348065.0,91429,555520,646949.0,5159594,2750868,7910462.0,October 2014
1422907,-131575,-342098,-468313,37883,518805,2.2867499999999996,659366,67696,727062.0,37112,15403,52515.0,46547045,19107240,65654285.0,57299276,25340651,82639927.0,86092,519172,605264.0,4774718,2470034,7244752.0,November 2014
1422907,-131575,-342098,-468313,37883,518805,1.7875714285714286,675234,74395,749629.0,48196,15450,63646.0,50471102,21762536,72233638.0,60585339,27211533,87796872.0,86842,490259,577101.0,5173312,2717563,7890875.0,December 2014
3055504,213705,152544,79301,43486,3544541,1.4955500000000002,643318,73576,716894.0,38161,14783,52944.0,45309148,21229279,66538427.0,57332443,27244730,84577173.0,78930,448114,527044.0,4648528,2607307,7255835.0,January 2015
3055504,213705,152544,79301,43486,3544541,1.7662105263157895,579701,65931,645632.0,36077,13963,50040.0,42399307,17932036,60331343.0,51571087,24074630,75645717.0,85675,484887,570562.0,4358952,2309533,6668485.0,February 2015
3055504,213705,152544,79301,43486,3544541,1.6272173913043473,694014,76396,770410.0,38595,15957,54552.0,54092109,22178943,76271052.0,63194929,28139170,91334099.0,92135,538539,630674.0,5538630,2793282,8331912.0,March 2015
4678728,158598,655387,201055,38855,5732622,1.7147142857142856,680243,74193,754436.0,39788,15448,55236.0,52027990,21579269,73607259.0,61425958,28304599,89730557.0,84093,490845,574938.0,5325405,2683763,8009168.0,April 2015
4678728,158598,655387,201055,38855,5732622,1.8472499999999996,702404,74859,777263.0,38958,15069,54027.0,54422765,24079589,78502354.0,63741512,30110911,93852423.0,86935,499695,586630.0,5567068,2943432,8510500.0,May 2015
4678728,158598,655387,201055,38855,5732622,1.7265,711573,77388,788961.0,39722,15227,54949.0,57163783,26089624,83253407.0,65598575,31220287,96818862.0,89146,504106,593252.0,5842541,3148796,8991337.0,June 2015
6494263,604630,1683382,888611,-15769,9655117,1.535238095238095,749397,82901,832298.0,41053,15720,56773.0,60563817,28387846,88951663.0,68844703,33423189,102267892.0,84873,504379,589252.0,6181705,3378998,9560703.0,July 2015
6494263,604630,1683382,888611,-15769,9655117,1.389590909090909,741260,79592,820852.0,39229,14405,53634.0,57965844,27890123,85855967.0,67031387,32731463,99762850.0,84586,491768,576354.0,5919429,3315575,9235004.0,August 2015
6494263,604630,1683382,888611,-15769,9655117,1.3929523809523807,672803,65306,738109.0,40242,15122,55364.0,50045430,22972298,73017728.0,59869761,28527699,88397460.0,80902,491333,572235.0,5122651,2823315,7945966.0,September 2015
6983407,25921,407138,-7333,38520,7447652,1.3903333333333334,698048,66594,764642.0,42734,15503,58237.0,54283082,22394974,76678056.0,62955593,27787204,90742797.0,84205,536469,620674.0,5553964,2813167,8367131.0,October 2015
6983407,25921,407138,-7333,38520,7447652,1.3224545454545455,659494,66144,725638.0,37490,15125,52615.0,51099823,19360241,70460064.0,60815989,25015862,85831851.0,82141,490182,572323.0,5227894,2464557,7692451.0,November 2015
6983407,25921,407138,-7333,38520,7447652,1.0726086956521736,666651,74241,740892.0,51376,15013,66389.0,53275254,22052620,75327874.0,63543808,27675970,91219778.0,84928,472812,557740.0,5455226,2726522,8181748.0,December 2015
2856167,362407,43896,226726,5922,3495119,0.9304,644770,73874,718644.0,39282,14392,53674.0,48236665,21541992,69778657.0,60020676,27409535,87430211.0,66621,430853,497474.0,4929205,2620721,7549926.0,January 2016
2856167,362407,43896,226726,5922,3495119,0.9727000000000002,621336,68838,690174.0,38155,13660,51815.0,46611600,18414618,65026218.0,57811421,25217888,83029309.0,71710,439497,511207.0,4762767,2312129,7074896.0,February 2016
2856167,362407,43896,226726,5922,3495119,1.0695,706698,77364,784062.0,43969,14994,58963.0,56859309,22262449,79121758.0,66819543,28331006,95150549.0,74453,497075,571528.0,5786008,2760634,8546642.0,March 2016
4229096,279168,326080,257402,2399,5094145,1.1545999999999998,684225,74377,758602.0,41089,14871,55960.0,53770248,21847175,75617423.0,64096501,28608025,92704526.0,86146,496983,583129.0,5486066,2718623,8204689.0,April 2016
4229096,279168,326080,257402,2399,5094145,1.2990454545454546,713538,75425,788963.0,39665,14721,54386.0,57255603,23971383,81226986.0,66834450,30576616,97411066.0,87712,511072,598784.0,5838387,2944567,8782954.0,May 2016
4229096,279168,326080,257402,2399,5094145,1.384409090909091,725740,78250,803990.0,42903,15033,57936.0,60426725,26615375,87042100.0,69132012,31848514,100980526.0,92546,505188,597734.0,6166196,3202840,9369036.0,June 2016
3407438,266508,351436,163709,6472,4195563,1.2501,744785,83163,827948.0,40740,14756,55496.0,62465229,28791604,91256833.0,71800707,33862509,105663216.0,89679,515090,604769.0,6372170,3431405,9803575.0,July 2016
3407438,266508,351436,163709,6472,4195563,1.3015652173913044,747399,78605,826004.0,43453,15216,58669.0,59429934,27278584,86708518.0,70312972,32829822,103142794.0,91130,489293,580423.0,6069398,3254520,9323918.0,August 2016
3407438,266508,351436,163709,6472,4195563,1.3210000000000002,686697,65461,752158.0,41872,14894,56766.0,52861742,22873428,75735170.0,62913367,28511866,91425233.0,88164,519872,608036.0,5409953,2844694,8254647.0,September 2016
2861738,141921,-91411,-168870,81537,2824916,1.4549090909090907,699667,66030,765697.0,41537,15194,56731.0,55553135,22237634,77790769.0,65248336,28075405,93323741.0,95407,587769,683176.0,5690639,2850396,8541035.0,October 2016
2861738,141921,-91411,-168870,81537,2824916,1.3588636363636364,668097,63654,731751.0,43042,15521,58563.0,53486298,19138761,72625059.0,63306954,24562304,87869258.0,89529,518356,607885.0,5477636,2472211,7949847.0,November 2016
2861738,141921,-91411,-168870,81537,2824916,1.4903499999999998,670236,74618,744854.0,52025,14954,66979.0,54954842,22356136,77310978.0,66043128,27803786,93846914.0,90302,511985,602287.0,5632850,2797502,8430352.0,December 2016
2647152,61452,-134888,-240086,-15375,2318254,1.5124761904761905,653444,73884,727328.0,39647,14575,54222.0,50319086,21557183,71876269.0,63525708,27655803,91181511.0,87041,475520,562561.0,5159117,2666586,7825703.0,January 2017
2647152,61452,-134888,-240086,-15375,2318254,1.5466842105263159,600832,66114,666946.0,38480,13294,51774.0,46656963,18009097,64666060.0,57834126,24513250,82347376.0,81381,481277,562658.0,4783023,2314356,7097379.0,February 2017
2647152,61452,-134888,-240086,-15375,2318254,1.4416363636363638,707188,76266,783454.0,45158,15799,60957.0,58996313,22315683,81311996.0,69188558,28685575,97874133.0,98024,574848,672872.0,6038731,2845504,8884235.0,March 2017
5046701,152157,115185,-259166,-59347,4995529,1.5015000000000005,683214,74802,758016.0,40843,14301,55144.0,56472165,23463686,79935851.0,66449589,29392670,95842259.0,93058,561076,654134.0,5780464,2945099,8725563.0,April 2017
5046701,152157,115185,-259166,-59347,4995529,1.408409090909091,718125,75464,793589.0,43579,15490,59069.0,59176066,24762938,83939004.0,69176361,31212384,100388745.0,98902,595178,694080.0,6056218,3110369,9166587.0,May 2017
5046701,152157,115185,-259166,-59347,4995529,1.2916190476190477,731718,79172,810890.0,45253,15505,60758.0,62649839,27480643,90130482.0,72055296,32674120,104729416.0,104060,600455,704515.0,6408593,3387696,9796289.0,June 2017
3575301,380782,19548,-87092,13447,3901986,1.42835,753012,84922,837934.0,41726,15059,56785.0,65170842,29470279,94641121.0,75137589,34694068,109831657.0,97304,616590,713894.0,6655524,3602474,10257998.0,July 2017
3575301,380782,19548,-87092,13447,3901986,1.5803913043478262,749836,78921,828757.0,47311,15797,63108.0,62673950,28306912,90980862.0,73584280,33355783,106940063.0,102975,592411,695386.0,6412432,3461858,9874290.0,August 2017
3575301,380782,19548,-87092,13447,3901986,1.7787894736842105,666189,62442,728631.0,42871,14424,57295.0,52077506,23014781,75092287.0,63581279,28988847,92570126.0,94718,598799,693517.0,5340618,2940028,8280646.0,September 2017
5752299,156080,-227641,-255386,163358,5588711,1.660260869565217,703534,66848,770382.0,45147,15591,60738.0,58497446,22670593,81168039.0,68529628,29189434,97719062.0,100967,656084,757051.0,5991126,2963981,8955107.0,October 2017
5752299,156080,-227641,-255386,163358,5588711,1.7640454545454545,666797,64826,731623.0,47144,16175,63319.0,56112502,20011696,76124198.0,65640367,25736560,91376927.0,95668,591768,687436.0,5749013,2636351,8385364.0,November 2017
5752299,156080,-227641,-255386,163358,5588711,1.8181578947368422,675954,73801,749755.0,53715,14763,68478.0,57173701,22863970,80037671.0,68664941,28551815,97216756.0,95891,586194,682085.0,5864319,2930214,8794533.0,December 2017
3157073,341526,319232,-399452,20232,3438610,1.9559999999999995,662448,72617,735065.0,43773,15518,59291.0,51872373,21923260,73795633.0,65965834,28123684,94089518.0,83060,521357,604417.0,5314461,2755005,8069466.0,January 2018
3157073,341526,319232,-399452,20232,3438610,1.8409000000000002,609579,66115,675694.0,40369,14236,54605.0,49636494,19037548,68674042.0,60886453,25350898,86237351.0,85752,539216,624968.0,5088713,2477499,7566212.0,February 2018
3157073,341526,319232,-399452,20232,3438610,1.8544500000000004,708988,77572,786560.0,46928,16060,62988.0,61907663,24195374,86103037.0,72152793,29767205,101919998.0,90941,636217,727158.0,6325024,3099386,9424410.0,March 2018
3745492,150583,396013,-215682,32741,4109147,2.0170909090909093,704833,75160,779993.0,42945,15301,58246.0,59513572,23495826,83009398.0,70745003,29844815,100589818.0,90535,617223,707758.0,6083261,3007760,9091021.0,April 2018
3745492,150583,396013,-215682,32741,4109147,2.15795652173913,736793,76327,813120.0,47397,16378,63775.0,62740812,25784245,88525057.0,73676106,31992696,105668802.0,100090,623866,723956.0,6415016,3242227,9657243.0,May 2018
3745492,150583,396013,-215682,32741,4109147,2.08785,746820,80629,827449.0,46413,15615,62028.0,66245773,28671501,94917274.0,75683356,33352082,109035438.0,97319,631540,728859.0,6761405,3535582,10296987.0,June 2018
3481675,336129,391801,-119818,40944,4130730,2.0964545454545456,775416,84978,860394.0,44693,15620,60313.0,69231934,30141440,99373374.0,78751026,34992017,113743043.0,93286,640838,734124.0,7056608,3689234,10745842.0,July 2018
3481675,336129,391801,-119818,40944,4130730,2.1201363636363637,773167,79064,852231.0,48919,15868,64787.0,66303275,28964949,95268224.0,77109260,33870133,110979393.0,95915,617572,713487.0,6765782,3550194,10315976.0,August 2018
3481675,336129,391801,-119818,40944,4130730,2.1952499999999997,699366,66517,765883.0,44147,15192,59339.0,55618183,23852325,79470508.0,68891206,30004887,98896093.0,87597,606543,694140.0,5686805,3027762,8714567.0,September 2018
3554690,205160,11404,-272172,80929,3580010,2.2395652173913048,734128,68392,802520.0,47232,16750,63982.0,61239639,23631334,84870973.0,72526591,29754064,102280655.0,99201,659053,758254.0,6262192,3060795,9322987.0,October 2018
3554690,205160,11404,-272172,80929,3580010,1.9445263157894732,688575,67185,755760.0,48438,16182,64620.0,59005266,20922911,79928177.0,69617177,26324324,95941501.0,93647,557676,651323.0,6034658,2692560,8727218.0,November 2018
3554690,205160,11404,-272172,80929,3580010,1.7119444444444445,698138,74868,773006.0,54263,15028,69291.0,59620147,23437800,83057947.0,72201895,28916767,101118662.0,88053,556211,644264.0,6095793,2951498,9047291.0,December 2018
2738558,269912,-146614,-143659,-25952,2692244,1.7967391304347828,676190,74581,750771.0,47458,15975,63433.0,54518477,22814065,77332542.0,69116155,28830584,97946739.0,85139,508002,593141.0,5579722,2826158,8405880.0,January 2019
2738558,269912,-146614,-143659,-25952,2692244,1.9174999999999998,615986,67140,683126.0,42751,13908,56659.0,51551387,19563608,71114995.0,63161807,25663384,88825191.0,83024,501341,584365.0,5273874,2490067,7763941.0,February 2019
2738558,269912,-146614,-143659,-25952,2692244,1.9012857142857142,738969,79741,818710.0,47188,15918,63106.0,65587135,24881841,90468976.0,76061739,30313311,106375050.0,92122,605269,697391.0,6688686,3132308,9820994.0,March 2019
4894087,337052,278518,-275831,17323,5251150,1.9814090909090902,719238,75511,794749.0,45297,15758,61055.0,62116350,24558888,86675238.0,72699892,30129463,102829355.0,86557,543881,630438.0,6335977,3036043,9372020.0,April 2019
4894087,337052,278518,-275831,17323,5251150,1.9702272727272723,751725,77263,828988.0,48525,16241,64766.0,65968843,26998494,92967337.0,75725707,32623915,108349622.0,89258,571747,661005.0,6721900,3308941,10030841.0,May 2019
4894087,337052,278518,-275831,17323,5251150,1.8215238095238095,754175,81912,836087.0,46075,15186,61261.0,68543378,29720962,98264340.0,76954590,34163184,111117774.0,89306,564478,653784.0,6977631,3572562,10550193.0,June 2019
4363439,477840,323253,-191276,-50583,4922673,1.9109565217391307,783588,85285,868873.0,48216,16228,64444.0,71407977,30874486,102282463.0,80416398,35656675,116073073.0,87041,567794,654835.0,7259199,3692100,10951299.0,July 2019
4363439,477840,323253,-191276,-50583,4922673,1.7974761904761904,784042,80925,864967.0,50152,15897,66049.0,68299968,30097999,98397967.0,79321871,34650001,113971872.0,87339,543898,631237.0,6949709,3592917,10542626.0,August 2019
4363439,477840,323253,-191276,-50583,4922673,1.8730454545454542,716792,66285,783077.0,44277,15121,59398.0,58424862,25373901,83798763.0,71092170,31007227,102099397.0,84076,553709,637785.0,5957388,3129246,9086634.0,September 2019
3738977,465079,-76833,-340004,-189151,3598068,1.861391304347826,751035,67806,818841.0,51316,16590,67906.0,63561778,24629251,88191029.0,75436333,30273034,105709367.0,89168,584994,674162.0,6481928,3089542,9571470.0,October 2019
3738977,465079,-76833,-340004,-189151,3598068,1.8227,703803,66770,770573.0,47416,15749,63165.0,59394049,21599390,80993439.0,72641829,26961682,99603511.0,88846,543549,632395.0,6064226,2746575,8810801.0,November 2019
3738977,465079,-76833,-340004,-189151,3598068,1.891772727272727,729109,74909,804018.0,56928,14118,71046.0,65460027,24911387,90371414.0,76567702,29677093,106244795.0,86948,524269,611217.0,6676211,3068007,9744218.0,December 2019
-3226298,-251044,-924756,-553586,13600,-4942084,1.769727272727273,708984,73377,782361.0,48607,15027,63634.0,57813919,23698246,81512165.0,72874850,29427102,102301952.0,81297,483816,565113.0,5901693,2893454,8795147.0,January 2020
-3226298,-251044,-924756,-553586,13600,-4942084,1.5133500000000002,668537,67801,736338.0,44918,13646,58564.0,55525935,18882143,74408078.0,68986791,25058070,94044861.0,83121,464428,547549.0,5668816,2381016,8049832.0,February 2020
-3226298,-251044,-924756,-553586,13600,-4942084,0.9401304347826086,621760,53870,675630.0,47716,15662,63378.0,32640301,10514738,43155039.0,65277923,18268938,83546861.0,71714,319769,391483.0,3366126,1390602,4756728.0,March 2020
-3226298,-251044,-924756,-553586,13600,-4942084,0.6021363636363636,219653,6059,225712.0,48940,15785,64725.0,2581214,487764,3068978.0,19640093,2010605,21650698.0,39140,79383,118523.0,312597,136398,448995.0,April 2020
